<?xml version = '1.0' encoding = 'UTF-8'?>
<Relation class="oracle.dbtools.crest.model.design.logical.Relation" name="Tes_Res" directorySegmentName="seg_0" id="0858B243-688A-5ABF-9940-6CEFBAD1DBBF">
<createdBy>pherr</createdBy>
<createdTime>2020-03-15 02:27:18 UTC</createdTime>
<ownerDesignName>alumno</ownerDesignName>
<engineerTo>
<item key="0F6F04AD-6F29-BD0E-0BDC-AC96B3341CCD" value="true"/>
</engineerTo>
<sourcePk>AE6565E3-4F88-FF59-947D-601196D2AF86</sourcePk>
<identifying>true</identifying>
<optionalSource>true</optionalSource>
<optionalTarget>false</optionalTarget>
<sourceCardinality>1</sourceCardinality>
<sourceEntity>955111D0-479C-73A5-BCF1-E7473FD60163</sourceEntity>
<targetCardinalityString>*</targetCardinalityString>
<targetEntity>5816AC57-3DBC-AD9F-8B4E-DD409E758901</targetEntity>
<transferable>true</transferable>
<deleteRule>NO ACTION</deleteRule>
</Relation>