<?xml version = '1.0' encoding = 'UTF-8'?>
<Relation class="oracle.dbtools.crest.model.design.logical.Relation" name="Cur_Alu" directorySegmentName="seg_0" id="19AB83F7-AFFB-B9D6-299F-357F1AD010FB">
<createdBy>pherr</createdBy>
<createdTime>2020-03-15 03:21:20 UTC</createdTime>
<ownerDesignName>alumno</ownerDesignName>
<engineerTo>
<item key="0F6F04AD-6F29-BD0E-0BDC-AC96B3341CCD" value="true"/>
</engineerTo>
<sourcePk>5DF901CF-C819-ED0D-1D02-AADC139A29F5</sourcePk>
<identifying>true</identifying>
<optionalSource>true</optionalSource>
<optionalTarget>false</optionalTarget>
<sourceCardinality>1</sourceCardinality>
<sourceEntity>422C802B-D890-C8C1-2237-8A6342D5455A</sourceEntity>
<targetCardinalityString>*</targetCardinalityString>
<targetEntity>9B0708A6-2884-DBC5-FF3F-651B62F3DEF3</targetEntity>
<transferable>true</transferable>
<deleteRule>NO ACTION</deleteRule>
</Relation>