<?xml version = '1.0' encoding = 'UTF-8'?>
<Relation class="oracle.dbtools.crest.model.design.logical.Relation" name="Res_Res" directorySegmentName="seg_0" id="54510C3B-552C-20A3-65C1-396D9328568D">
<createdBy>pherr</createdBy>
<createdTime>2020-03-15 02:27:49 UTC</createdTime>
<ownerDesignName>alumno</ownerDesignName>
<engineerTo>
<item key="0F6F04AD-6F29-BD0E-0BDC-AC96B3341CCD" value="true"/>
</engineerTo>
<sourcePk>FA6D19D1-5552-1EEA-011E-BDD9BF9899E3</sourcePk>
<identifying>true</identifying>
<optionalSource>true</optionalSource>
<optionalTarget>false</optionalTarget>
<sourceCardinality>1</sourceCardinality>
<sourceEntity>5816AC57-3DBC-AD9F-8B4E-DD409E758901</sourceEntity>
<targetCardinalityString>*</targetCardinalityString>
<targetEntity>D38F9472-9DDE-E8F5-B6FA-67FAC78C42E3</targetEntity>
<transferable>true</transferable>
<deleteRule>NO ACTION</deleteRule>
</Relation>