<?xml version = '1.0' encoding = 'UTF-8'?>
<Table class="oracle.dbtools.crest.model.design.relational.Table" directorySegmentName="seg_0" id="18147F6E-E7F4-59FB-F391-C186016EE7FA" name="Alternativa">
<createdBy>pherr</createdBy>
<createdTime>2020-03-15 03:34:14 UTC</createdTime>
<generatorID>9D5C13E4-16D8-FB48-D257-D213F254B327</generatorID>
<ownerDesignName>alumno</ownerDesignName>
<allowColumnReorder>false</allowColumnReorder>
<existDependencyGenerateInDDl>true</existDependencyGenerateInDDl>
<parsed>true</parsed>
<columns itemClass="oracle.dbtools.crest.model.design.relational.Column">
<Column name="IdAlternativa" id="0963B335-FB8E-7E9D-2095-8415372BCD5C">
<createdBy>pherr</createdBy>
<createdTime>2020-03-15 03:34:14 UTC</createdTime>
<generatorID>CB25284F-EF6F-0F47-DDB0-D178A3BD0873</generatorID>
<ownerDesignName>alumno</ownerDesignName>
<useDomainConstraints>false</useDomainConstraints>
<use>1</use>
<logicalDatatype>LOGDT019</logicalDatatype>
<dataTypePrecision>4</dataTypePrecision>
<ownDataTypeParameters>,4,</ownDataTypeParameters>
<autoIncrementCycle>false</autoIncrementCycle>
</Column>
<Column name="DescAlt" id="745E06F9-7C8C-E0AF-B3C8-2948D2BEEAC6">
<createdBy>pherr</createdBy>
<createdTime>2020-03-15 03:34:14 UTC</createdTime>
<generatorID>FD263DD3-AE69-FD70-63B6-6F925640AEB4</generatorID>
<ownerDesignName>alumno</ownerDesignName>
<useDomainConstraints>false</useDomainConstraints>
<use>1</use>
<logicalDatatype>LOGDT024</logicalDatatype>
<dataTypeSize>30 CHAR</dataTypeSize>
<ownDataTypeParameters>30 CHAR,,</ownDataTypeParameters>
<autoIncrementCycle>false</autoIncrementCycle>
</Column>
<Column name="ValorLogico" id="C4DCD9DF-AFE1-90EB-E211-09DC809BEC26">
<createdBy>pherr</createdBy>
<createdTime>2020-03-15 03:34:14 UTC</createdTime>
<generatorID>EB7D84A5-B46B-7FA9-6DB7-B235D39D1570</generatorID>
<ownerDesignName>alumno</ownerDesignName>
<useDomainConstraints>false</useDomainConstraints>
<use>1</use>
<logicalDatatype>LOGDT006</logicalDatatype>
<dataTypeSize>1 CHAR</dataTypeSize>
<ownDataTypeParameters>1 CHAR,,</ownDataTypeParameters>
<autoIncrementCycle>false</autoIncrementCycle>
</Column>
<Column name="Pregunta_IdPregunta" id="92D27F21-E166-E152-B285-CB5A84379127">
<createdBy>pherr</createdBy>
<createdTime>2020-03-15 03:34:14 UTC</createdTime>
<generatorID>69A83CE5-D799-F5FD-0CA6-79F6705D1D75</generatorID>
<ownerDesignName>alumno</ownerDesignName>
<useDomainConstraints>false</useDomainConstraints>
<use>1</use>
<logicalDatatype>LOGDT019</logicalDatatype>
<dataTypePrecision>4</dataTypePrecision>
<ownDataTypeParameters>,4,</ownDataTypeParameters>
<previousColumn>false</previousColumn>
<autoIncrementCycle>false</autoIncrementCycle>
<associations>
<colAssociation fkAssociation="2498AF33-AF95-4A1E-C28B-56A5382F8F2F" referredColumn="C1701BE4-3147-DC8B-DE14-99917E49803D"/>
</associations>
</Column>
<Column name="Pregunta_IdPrueba" id="18FD6DAB-BD3C-E076-6A56-E7EE5A07B2CF">
<createdBy>pherr</createdBy>
<createdTime>2020-03-15 03:34:14 UTC</createdTime>
<generatorID>A53A3A0D-567C-A83E-42BC-63751F829DDE</generatorID>
<ownerDesignName>alumno</ownerDesignName>
<useDomainConstraints>false</useDomainConstraints>
<use>1</use>
<logicalDatatype>LOGDT019</logicalDatatype>
<dataTypePrecision>4</dataTypePrecision>
<ownDataTypeParameters>,4,</ownDataTypeParameters>
<previousColumn>false</previousColumn>
<autoIncrementCycle>false</autoIncrementCycle>
<associations>
<colAssociation fkAssociation="2498AF33-AF95-4A1E-C28B-56A5382F8F2F" referredColumn="8990FC61-7737-F128-E14E-DB7FDA0DCB5C"/>
</associations>
</Column>
</columns>
<indexes itemClass="oracle.dbtools.crest.model.design.relational.Index">
<ind_PK_UK id="027DFE61-D923-131B-2ADB-F97AB4BC67D1" name="Alternativa_PK">
<createdBy>pherr</createdBy>
<createdTime>2020-03-15 03:34:14 UTC</createdTime>
<generatorID>0CB9FBC1-6ABA-CDBC-CD60-25C29B65C78E</generatorID>
<ownerDesignName>alumno</ownerDesignName>
<pk>true</pk>
<indexState>Primary Constraint</indexState>
<isSurrogateKey>false</isSurrogateKey>
<indexColumnUsage>
<colUsage columnID="0963B335-FB8E-7E9D-2095-8415372BCD5C"/>
<colUsage columnID="92D27F21-E166-E152-B285-CB5A84379127"/>
<colUsage columnID="18FD6DAB-BD3C-E076-6A56-E7EE5A07B2CF"/>
</indexColumnUsage>
</ind_PK_UK>
<ind_PK_UK id="1C35C360-5424-8F4E-C0C8-5C2077440869" name="Alternativa_Pregunta_FK">
<createdBy>pherr</createdBy>
<createdTime>2020-03-15 03:34:14 UTC</createdTime>
<generatorID>E3A74F69-81BC-8696-9789-58E4E711C9A5</generatorID>
<ownerDesignName>alumno</ownerDesignName>
<indexState>Foreign Key</indexState>
<isSurrogateKey>false</isSurrogateKey>
<indexColumnUsage>
<colUsage columnID="92D27F21-E166-E152-B285-CB5A84379127"/>
<colUsage columnID="18FD6DAB-BD3C-E076-6A56-E7EE5A07B2CF"/>
</indexColumnUsage>
</ind_PK_UK>
</indexes>
</Table>