<?xml version = '1.0' encoding = 'UTF-8'?>
<Table class="oracle.dbtools.crest.model.design.relational.Table" directorySegmentName="seg_0" id="F1815492-8CB9-60CD-811B-E5BB90D1528C" name="Pregunta">
<createdBy>pherr</createdBy>
<createdTime>2020-03-15 03:34:14 UTC</createdTime>
<generatorID>E54D5C4D-B4C9-6B3D-CE67-18636031D3DF</generatorID>
<ownerDesignName>alumno</ownerDesignName>
<allowColumnReorder>false</allowColumnReorder>
<existDependencyGenerateInDDl>true</existDependencyGenerateInDDl>
<parsed>true</parsed>
<columns itemClass="oracle.dbtools.crest.model.design.relational.Column">
<Column name="IdPregunta" id="C1701BE4-3147-DC8B-DE14-99917E49803D">
<createdBy>pherr</createdBy>
<createdTime>2020-03-15 03:34:14 UTC</createdTime>
<generatorID>130C4A87-1125-C33D-9EFD-CDEBBF9F4BA4</generatorID>
<ownerDesignName>alumno</ownerDesignName>
<useDomainConstraints>false</useDomainConstraints>
<use>1</use>
<logicalDatatype>LOGDT019</logicalDatatype>
<dataTypePrecision>4</dataTypePrecision>
<ownDataTypeParameters>,4,</ownDataTypeParameters>
<autoIncrementCycle>false</autoIncrementCycle>
</Column>
<Column name="Enunciado" id="4FB38B9D-4FB2-5460-2EF4-C4537E56C5EF">
<createdBy>pherr</createdBy>
<createdTime>2020-03-15 03:34:14 UTC</createdTime>
<generatorID>7D638B28-E6A8-40AF-E997-C39167C58866</generatorID>
<ownerDesignName>alumno</ownerDesignName>
<useDomainConstraints>false</useDomainConstraints>
<use>1</use>
<logicalDatatype>LOGDT024</logicalDatatype>
<dataTypeSize>30 CHAR</dataTypeSize>
<ownDataTypeParameters>30 CHAR,,</ownDataTypeParameters>
<autoIncrementCycle>false</autoIncrementCycle>
</Column>
<Column name="Puntaje" id="A1C2E3BB-2BE6-22C4-1E1B-2808B50D6DCE">
<createdBy>pherr</createdBy>
<createdTime>2020-03-15 03:34:14 UTC</createdTime>
<generatorID>20E9A6F2-30E8-8ADB-4E89-04884DD3B90C</generatorID>
<ownerDesignName>alumno</ownerDesignName>
<nullsAllowed>true</nullsAllowed>
<useDomainConstraints>false</useDomainConstraints>
<use>1</use>
<logicalDatatype>LOGDT019</logicalDatatype>
<dataTypePrecision>4</dataTypePrecision>
<ownDataTypeParameters>,4,</ownDataTypeParameters>
<autoIncrementCycle>false</autoIncrementCycle>
</Column>
<Column name="Prueba_IdPrueba" id="8990FC61-7737-F128-E14E-DB7FDA0DCB5C">
<createdBy>pherr</createdBy>
<createdTime>2020-03-15 03:34:14 UTC</createdTime>
<generatorID>0837A018-DA15-F2FF-C7A4-034BAC0E2E62</generatorID>
<ownerDesignName>alumno</ownerDesignName>
<useDomainConstraints>false</useDomainConstraints>
<use>1</use>
<logicalDatatype>LOGDT019</logicalDatatype>
<dataTypePrecision>4</dataTypePrecision>
<ownDataTypeParameters>,4,</ownDataTypeParameters>
<previousColumn>false</previousColumn>
<autoIncrementCycle>false</autoIncrementCycle>
<associations>
<colAssociation fkAssociation="0CA9E7B8-DF75-D761-5BE0-DE33D99DEFB9" referredColumn="F23604C8-DF65-2D1C-5AD0-5EAC6F6CEDFA"/>
</associations>
</Column>
</columns>
<indexes itemClass="oracle.dbtools.crest.model.design.relational.Index">
<ind_PK_UK id="54DEF8ED-7056-D2BF-2879-CD84BCD81A75" name="Pregunta_PK">
<createdBy>pherr</createdBy>
<createdTime>2020-03-15 03:34:14 UTC</createdTime>
<generatorID>2FD1E123-BBC0-6903-73AC-0C7605890DAA</generatorID>
<ownerDesignName>alumno</ownerDesignName>
<pk>true</pk>
<indexState>Primary Constraint</indexState>
<isSurrogateKey>false</isSurrogateKey>
<indexColumnUsage>
<colUsage columnID="C1701BE4-3147-DC8B-DE14-99917E49803D"/>
<colUsage columnID="8990FC61-7737-F128-E14E-DB7FDA0DCB5C"/>
</indexColumnUsage>
</ind_PK_UK>
<ind_PK_UK id="CBB647CF-F187-93D3-4C8B-69B23C200316" name="Pregunta_Prueba_FK">
<createdBy>pherr</createdBy>
<createdTime>2020-03-15 03:34:14 UTC</createdTime>
<generatorID>37433A08-44CD-8A5C-E701-8DB0D3905EB2</generatorID>
<ownerDesignName>alumno</ownerDesignName>
<indexState>Foreign Key</indexState>
<isSurrogateKey>false</isSurrogateKey>
<indexColumnUsage>
<colUsage columnID="8990FC61-7737-F128-E14E-DB7FDA0DCB5C"/>
</indexColumnUsage>
</ind_PK_UK>
</indexes>
</Table>