<?xml version = '1.0' encoding = 'UTF-8'?>
<Table class="oracle.dbtools.crest.model.design.relational.Table" directorySegmentName="seg_0" id="FE8B0861-209C-12F5-B575-4A70CEAF58DB" name="Prueba">
<createdBy>pherr</createdBy>
<createdTime>2020-03-15 03:34:14 UTC</createdTime>
<generatorID>460A7FE6-4804-C1FD-B16A-8FE8EEA36910</generatorID>
<ownerDesignName>alumno</ownerDesignName>
<allowColumnReorder>false</allowColumnReorder>
<existDependencyGenerateInDDl>true</existDependencyGenerateInDDl>
<parsed>true</parsed>
<columns itemClass="oracle.dbtools.crest.model.design.relational.Column">
<Column name="IdPrueba" id="F23604C8-DF65-2D1C-5AD0-5EAC6F6CEDFA">
<createdBy>pherr</createdBy>
<createdTime>2020-03-15 03:34:14 UTC</createdTime>
<generatorID>66020658-F8C5-4C8E-2C33-DE2481AE089E</generatorID>
<ownerDesignName>alumno</ownerDesignName>
<useDomainConstraints>false</useDomainConstraints>
<use>1</use>
<logicalDatatype>LOGDT019</logicalDatatype>
<dataTypePrecision>4</dataTypePrecision>
<ownDataTypeParameters>,4,</ownDataTypeParameters>
<autoIncrementCycle>false</autoIncrementCycle>
</Column>
<Column name="DescPrueba" id="A23A4B43-012E-8617-EAA0-FD144487321E">
<createdBy>pherr</createdBy>
<createdTime>2020-03-15 03:34:14 UTC</createdTime>
<generatorID>A41C34B9-67B3-B36F-3C9F-77D36C6F557D</generatorID>
<ownerDesignName>alumno</ownerDesignName>
<useDomainConstraints>false</useDomainConstraints>
<use>1</use>
<logicalDatatype>LOGDT024</logicalDatatype>
<dataTypeSize>30</dataTypeSize>
<ownDataTypeParameters>30,,</ownDataTypeParameters>
<autoIncrementCycle>false</autoIncrementCycle>
</Column>
<Column name="NomPrueba" id="120270A8-1C8A-37FE-B1D8-8A4C1DD72B03">
<createdBy>pherr</createdBy>
<createdTime>2020-03-15 03:34:14 UTC</createdTime>
<generatorID>D27F13CF-D228-B451-EBF8-62BF59907B2F</generatorID>
<ownerDesignName>alumno</ownerDesignName>
<useDomainConstraints>false</useDomainConstraints>
<use>1</use>
<logicalDatatype>LOGDT024</logicalDatatype>
<dataTypeSize>30 CHAR</dataTypeSize>
<ownDataTypeParameters>30 CHAR,,</ownDataTypeParameters>
<autoIncrementCycle>false</autoIncrementCycle>
</Column>
<Column name="Programa" id="A4F05F01-B056-A664-BC77-226DA996D1C8">
<createdBy>pherr</createdBy>
<createdTime>2020-03-15 03:34:14 UTC</createdTime>
<generatorID>AE2AD718-3E99-768B-8779-9595C777D928</generatorID>
<ownerDesignName>alumno</ownerDesignName>
<nullsAllowed>true</nullsAllowed>
<useDomainConstraints>false</useDomainConstraints>
<use>1</use>
<logicalDatatype>LOGDT024</logicalDatatype>
<dataTypeSize>10 CHAR</dataTypeSize>
<ownDataTypeParameters>10 CHAR,,</ownDataTypeParameters>
<autoIncrementCycle>false</autoIncrementCycle>
</Column>
<Column name="Unidad" id="B947C189-EA42-B8CA-D033-713673344302">
<createdBy>pherr</createdBy>
<createdTime>2020-03-15 03:34:14 UTC</createdTime>
<generatorID>6FDF69E9-EF59-2B91-F44D-9405CCF76851</generatorID>
<ownerDesignName>alumno</ownerDesignName>
<nullsAllowed>true</nullsAllowed>
<useDomainConstraints>false</useDomainConstraints>
<use>1</use>
<logicalDatatype>LOGDT024</logicalDatatype>
<dataTypeSize>10 CHAR</dataTypeSize>
<ownDataTypeParameters>10 CHAR,,</ownDataTypeParameters>
<autoIncrementCycle>false</autoIncrementCycle>
</Column>
</columns>
<indexes itemClass="oracle.dbtools.crest.model.design.relational.Index">
<ind_PK_UK id="E704FCDD-F31D-0554-E176-88725F8A1F91" name="Prueba_PK">
<createdBy>pherr</createdBy>
<createdTime>2020-03-15 03:34:14 UTC</createdTime>
<generatorID>09A771BA-93CC-6FC2-F7B3-E37C89E8A5CD</generatorID>
<ownerDesignName>alumno</ownerDesignName>
<pk>true</pk>
<indexState>Primary Constraint</indexState>
<isSurrogateKey>false</isSurrogateKey>
<indexColumnUsage>
<colUsage columnID="F23604C8-DF65-2D1C-5AD0-5EAC6F6CEDFA"/>
</indexColumnUsage>
</ind_PK_UK>
</indexes>
</Table>