<?xml version = '1.0' encoding = 'UTF-8'?>
<FKIndexAssociation class="oracle.dbtools.crest.model.design.relational.FKIndexAssociation" directorySegmentName="seg_0" id="0CA9E7B8-DF75-D761-5BE0-DE33D99DEFB9" containerWithKeyObject="F1815492-8CB9-60CD-811B-E5BB90D1528C" localFKIndex="CBB647CF-F187-93D3-4C8B-69B23C200316" name="Pregunta_Prueba_FK">
<createdBy>pherr</createdBy>
<createdTime>2020-03-15 03:34:14 UTC</createdTime>
<generatorID>37433A08-44CD-8A5C-E701-8DB0D3905EB2</generatorID>
<ownerDesignName>alumno</ownerDesignName>
<referredTableLongName>Prueba</referredTableLongName>
<deleteRule>NO ACTION</deleteRule>
<referredTableID>FE8B0861-209C-12F5-B575-4A70CEAF58DB</referredTableID>
<keyObject>E704FCDD-F31D-0554-E176-88725F8A1F91</keyObject>
<referredKeyID>E704FCDD-F31D-0554-E176-88725F8A1F91</referredKeyID>
<mandatory>true</mandatory>
<refColNames>IdPrueba</refColNames>
<transferable>true</transferable>
<rely>false</rely>
<columnDependencyConstraintGenerateInDDL>true</columnDependencyConstraintGenerateInDDL>
</FKIndexAssociation>