<?xml version = '1.0' encoding = 'UTF-8'?>
<Entity class="oracle.dbtools.crest.model.design.logical.Entity" directorySegmentName="seg_0" id="422C802B-D890-C8C1-2237-8A6342D5455A" name="Curso">
<createdBy>pherr</createdBy>
<createdTime>2020-03-15 01:52:46 UTC</createdTime>
<ownerDesignName>alumno</ownerDesignName>
<engineerTo>
<item key="0F6F04AD-6F29-BD0E-0BDC-AC96B3341CCD" value="true"/>
</engineerTo>
<adequatelyNormalized>NO</adequatelyNormalized>
<expectedVolumes>0</expectedVolumes>
<fwdEngineeringStrategyName>Single Table</fwdEngineeringStrategyName>
<growthPercent>0</growthPercent>
<growthType>Year</growthType>
<maxVolumes>9999999</maxVolumes>
<minVolumes>0</minVolumes>
<normalForm>Third</normalForm>
<attributes itemClass="oracle.dbtools.crest.model.design.logical.Attribute">
<Attribute name="IdCurso" id="49C0A3C8-7C8B-9591-3B37-3E5ABEF0ED78">
<createdBy>pherr</createdBy>
<createdTime>2020-03-15 01:52:56 UTC</createdTime>
<ownerDesignName>alumno</ownerDesignName>
<engineerTo>
<item key="0F6F04AD-6F29-BD0E-0BDC-AC96B3341CCD" value="true"/>
</engineerTo>
<useDomainConstraints>false</useDomainConstraints>
<use>1</use>
<logicalDatatype>LOGDT019</logicalDatatype>
<dataTypePrecision>4</dataTypePrecision>
<ownDataTypeParameters>,4,</ownDataTypeParameters>
</Attribute>
<Attribute name="NomCurso" id="55B84F5F-E6E2-6055-469C-D15009472A65">
<createdBy>pherr</createdBy>
<createdTime>2020-03-15 01:53:20 UTC</createdTime>
<ownerDesignName>alumno</ownerDesignName>
<engineerTo>
<item key="0F6F04AD-6F29-BD0E-0BDC-AC96B3341CCD" value="true"/>
</engineerTo>
<nullsAllowed>true</nullsAllowed>
<useDomainConstraints>false</useDomainConstraints>
<use>1</use>
<logicalDatatype>LOGDT024</logicalDatatype>
<dataTypeSize>30 CHAR</dataTypeSize>
<ownDataTypeParameters>30 CHAR,,</ownDataTypeParameters>
</Attribute>
</attributes>
<identifiers itemClass="oracle.dbtools.crest.model.design.logical.CandidateKey">
<identifier id="5DF901CF-C819-ED0D-1D02-AADC139A29F5" name="Curso PK">
<createdBy>pherr</createdBy>
<createdTime>2020-03-15 01:53:15 UTC</createdTime>
<ownerDesignName>alumno</ownerDesignName>
<engineerTo>
<item key="0F6F04AD-6F29-BD0E-0BDC-AC96B3341CCD" value="true"/>
</engineerTo>
<pk>true</pk>
<usedAttributes>
<attributeRef>49C0A3C8-7C8B-9591-3B37-3E5ABEF0ED78</attributeRef>
</usedAttributes>
</identifier>
</identifiers>
</Entity>