<?xml version = '1.0' encoding = 'UTF-8'?>
<Entity class="oracle.dbtools.crest.model.design.logical.Entity" directorySegmentName="seg_0" id="955111D0-479C-73A5-BCF1-E7473FD60163" name="Test">
<createdBy>pherr</createdBy>
<createdTime>2020-03-15 02:06:46 UTC</createdTime>
<ownerDesignName>alumno</ownerDesignName>
<engineerTo>
<item key="0F6F04AD-6F29-BD0E-0BDC-AC96B3341CCD" value="true"/>
</engineerTo>
<adequatelyNormalized>NO</adequatelyNormalized>
<expectedVolumes>0</expectedVolumes>
<fwdEngineeringStrategyName>Single Table</fwdEngineeringStrategyName>
<growthPercent>0</growthPercent>
<growthType>Year</growthType>
<maxVolumes>9999999</maxVolumes>
<minVolumes>0</minVolumes>
<normalForm>Third</normalForm>
<attributes itemClass="oracle.dbtools.crest.model.design.logical.Attribute">
<Attribute name="IdTest" id="9B65381C-A920-97AE-1A45-5719625722E6">
<createdBy>pherr</createdBy>
<createdTime>2020-03-15 02:07:00 UTC</createdTime>
<ownerDesignName>alumno</ownerDesignName>
<engineerTo>
<item key="0F6F04AD-6F29-BD0E-0BDC-AC96B3341CCD" value="true"/>
</engineerTo>
<useDomainConstraints>false</useDomainConstraints>
<use>1</use>
<logicalDatatype>LOGDT019</logicalDatatype>
<dataTypePrecision>4</dataTypePrecision>
<ownDataTypeParameters>,4,</ownDataTypeParameters>
</Attribute>
<Attribute name="PruebaId" id="75940776-DD55-15B4-0C5F-34A9208A70CC">
<createdBy>pherr</createdBy>
<createdTime>2020-03-15 02:16:39 UTC</createdTime>
<ownerDesignName>alumno</ownerDesignName>
<engineerTo>
<item key="0F6F04AD-6F29-BD0E-0BDC-AC96B3341CCD" value="true"/>
</engineerTo>
<nullsAllowed>true</nullsAllowed>
<useDomainConstraints>false</useDomainConstraints>
<use>1</use>
<logicalDatatype>LOGDT019</logicalDatatype>
<dataTypePrecision>4</dataTypePrecision>
<ownDataTypeParameters>,4,</ownDataTypeParameters>
</Attribute>
<Attribute name="IdAlumno" id="164F81B7-A7F9-869A-BAAB-1AE5AA864B9C">
<createdBy>pherr</createdBy>
<createdTime>2020-03-15 02:21:07 UTC</createdTime>
<generatorID>09858F1E-2C67-1F03-4A98-4F5E6C5DC3E1</generatorID>
<ownerDesignName>alumno</ownerDesignName>
<engineerTo>
<item key="0F6F04AD-6F29-BD0E-0BDC-AC96B3341CCD" value="true"/>
</engineerTo>
<referedAttribute>AAFA3547-9231-CCA4-7C7D-A7E334F60FCA</referedAttribute>
<useDomainConstraints>false</useDomainConstraints>
<use>1</use>
<logicalDatatype>LOGDT019</logicalDatatype>
<dataTypePrecision>4</dataTypePrecision>
<ownDataTypeParameters>,4,</ownDataTypeParameters>
</Attribute>
<Attribute name="IdCurso" id="87803F0C-8432-9007-D148-AC905C685226">
<createdBy>pherr</createdBy>
<createdTime>2020-03-15 03:21:20 UTC</createdTime>
<generatorID>09858F1E-2C67-1F03-4A98-4F5E6C5DC3E1</generatorID>
<ownerDesignName>alumno</ownerDesignName>
<engineerTo>
<item key="0F6F04AD-6F29-BD0E-0BDC-AC96B3341CCD" value="true"/>
</engineerTo>
<referedAttribute>20F05ED0-86A2-2A81-1EB2-645B94C7B7AA</referedAttribute>
<useDomainConstraints>false</useDomainConstraints>
<use>1</use>
<logicalDatatype>LOGDT019</logicalDatatype>
<dataTypePrecision>4</dataTypePrecision>
<ownDataTypeParameters>,4,</ownDataTypeParameters>
</Attribute>
<Attribute name="IdAlumno1" id="81E982C0-12CD-65B5-BE87-E4E668618FBF">
<createdBy>pherr</createdBy>
<createdTime>2020-03-15 03:21:20 UTC</createdTime>
<generatorID>09858F1E-2C67-1F03-4A98-4F5E6C5DC3E1</generatorID>
<ownerDesignName>alumno</ownerDesignName>
<engineerTo>
<item key="0F6F04AD-6F29-BD0E-0BDC-AC96B3341CCD" value="true"/>
</engineerTo>
<referedAttribute>BE1BAC7F-68C4-7813-9C08-820730985F14</referedAttribute>
<useDomainConstraints>false</useDomainConstraints>
<use>1</use>
<logicalDatatype>LOGDT019</logicalDatatype>
<ownDataTypeParameters>,,</ownDataTypeParameters>
</Attribute>
</attributes>
<identifiers itemClass="oracle.dbtools.crest.model.design.logical.CandidateKey">
<identifier id="AE6565E3-4F88-FF59-947D-601196D2AF86" name="Test PK">
<createdBy>pherr</createdBy>
<createdTime>2020-03-15 02:07:16 UTC</createdTime>
<ownerDesignName>alumno</ownerDesignName>
<engineerTo>
<item key="0F6F04AD-6F29-BD0E-0BDC-AC96B3341CCD" value="true"/>
</engineerTo>
<pk>true</pk>
<usedAttributes>
<attributeRef>9B65381C-A920-97AE-1A45-5719625722E6</attributeRef>
<attributeRef>164F81B7-A7F9-869A-BAAB-1AE5AA864B9C</attributeRef>
<attributeRef>87803F0C-8432-9007-D148-AC905C685226</attributeRef>
<attributeRef>81E982C0-12CD-65B5-BE87-E4E668618FBF</attributeRef>
</usedAttributes>
</identifier>
</identifiers>
</Entity>