<?xml version = '1.0' encoding = 'UTF-8'?>
<Entity class="oracle.dbtools.crest.model.design.logical.Entity" directorySegmentName="seg_0" id="9B0708A6-2884-DBC5-FF3F-651B62F3DEF3" name="Alumno">
<createdBy>pherr</createdBy>
<createdTime>2020-03-15 01:47:47 UTC</createdTime>
<ownerDesignName>alumno</ownerDesignName>
<engineerTo>
<item key="0F6F04AD-6F29-BD0E-0BDC-AC96B3341CCD" value="true"/>
</engineerTo>
<adequatelyNormalized>NO</adequatelyNormalized>
<expectedVolumes>0</expectedVolumes>
<fwdEngineeringStrategyName>Single Table</fwdEngineeringStrategyName>
<growthPercent>0</growthPercent>
<growthType>Year</growthType>
<maxVolumes>9999999</maxVolumes>
<minVolumes>0</minVolumes>
<normalForm>Third</normalForm>
<attributes itemClass="oracle.dbtools.crest.model.design.logical.Attribute">
<Attribute name="IdAlumno" id="AAFA3547-9231-CCA4-7C7D-A7E334F60FCA">
<createdBy>pherr</createdBy>
<createdTime>2020-03-15 01:48:07 UTC</createdTime>
<ownerDesignName>alumno</ownerDesignName>
<engineerTo>
<item key="0F6F04AD-6F29-BD0E-0BDC-AC96B3341CCD" value="true"/>
</engineerTo>
<useDomainConstraints>false</useDomainConstraints>
<use>1</use>
<logicalDatatype>LOGDT019</logicalDatatype>
<dataTypePrecision>4</dataTypePrecision>
<ownDataTypeParameters>,4,</ownDataTypeParameters>
</Attribute>
<Attribute name="Nombre" id="DBD0E1E2-7305-50B6-F918-2A8C052F3607">
<createdBy>pherr</createdBy>
<createdTime>2020-03-15 01:48:41 UTC</createdTime>
<ownerDesignName>alumno</ownerDesignName>
<engineerTo>
<item key="0F6F04AD-6F29-BD0E-0BDC-AC96B3341CCD" value="true"/>
</engineerTo>
<useDomainConstraints>false</useDomainConstraints>
<use>1</use>
<logicalDatatype>LOGDT024</logicalDatatype>
<dataTypeSize>30 CHAR</dataTypeSize>
<ownDataTypeParameters>30 CHAR,,</ownDataTypeParameters>
</Attribute>
<Attribute name="IdCurso" id="20F05ED0-86A2-2A81-1EB2-645B94C7B7AA">
<createdBy>pherr</createdBy>
<createdTime>2020-03-15 03:21:20 UTC</createdTime>
<generatorID>19AB83F7-AFFB-B9D6-299F-357F1AD010FB</generatorID>
<ownerDesignName>alumno</ownerDesignName>
<engineerTo>
<item key="0F6F04AD-6F29-BD0E-0BDC-AC96B3341CCD" value="true"/>
</engineerTo>
<referedAttribute>49C0A3C8-7C8B-9591-3B37-3E5ABEF0ED78</referedAttribute>
<useDomainConstraints>false</useDomainConstraints>
<use>1</use>
<logicalDatatype>LOGDT019</logicalDatatype>
<dataTypePrecision>4</dataTypePrecision>
<ownDataTypeParameters>,4,</ownDataTypeParameters>
</Attribute>
<Attribute name="IdAlumno1" id="BE1BAC7F-68C4-7813-9C08-820730985F14">
<createdBy>pherr</createdBy>
<createdTime>2020-03-15 03:21:20 UTC</createdTime>
<generatorID>19AB83F7-AFFB-B9D6-299F-357F1AD010FB</generatorID>
<ownerDesignName>alumno</ownerDesignName>
<engineerTo>
<item key="0F6F04AD-6F29-BD0E-0BDC-AC96B3341CCD" value="true"/>
</engineerTo>
<referedAttribute>30836FCC-8CF0-234C-B2AA-0F7F4373BD54</referedAttribute>
<useDomainConstraints>false</useDomainConstraints>
<use>1</use>
<logicalDatatype>LOGDT019</logicalDatatype>
<ownDataTypeParameters>,,</ownDataTypeParameters>
</Attribute>
</attributes>
<identifiers itemClass="oracle.dbtools.crest.model.design.logical.CandidateKey">
<identifier id="FA246FF4-4144-6798-BF62-FEA30EC62E2E" name="Alumno PK">
<createdBy>pherr</createdBy>
<createdTime>2020-03-15 01:48:20 UTC</createdTime>
<ownerDesignName>alumno</ownerDesignName>
<engineerTo>
<item key="0F6F04AD-6F29-BD0E-0BDC-AC96B3341CCD" value="true"/>
</engineerTo>
<pk>true</pk>
<usedAttributes>
<attributeRef>AAFA3547-9231-CCA4-7C7D-A7E334F60FCA</attributeRef>
<attributeRef>20F05ED0-86A2-2A81-1EB2-645B94C7B7AA</attributeRef>
</usedAttributes>
</identifier>
</identifiers>
</Entity>