<?xml version = '1.0' encoding = 'UTF-8'?>
<Entity class="oracle.dbtools.crest.model.design.logical.Entity" directorySegmentName="seg_0" id="D38F9472-9DDE-E8F5-B6FA-67FAC78C42E3" name="RespAlt">
<createdBy>pherr</createdBy>
<createdTime>2020-03-15 02:12:36 UTC</createdTime>
<ownerDesignName>alumno</ownerDesignName>
<engineerTo>
<item key="0F6F04AD-6F29-BD0E-0BDC-AC96B3341CCD" value="true"/>
</engineerTo>
<adequatelyNormalized>NO</adequatelyNormalized>
<expectedVolumes>0</expectedVolumes>
<fwdEngineeringStrategyName>Single Table</fwdEngineeringStrategyName>
<growthPercent>0</growthPercent>
<growthType>Year</growthType>
<maxVolumes>9999999</maxVolumes>
<minVolumes>0</minVolumes>
<normalForm>Third</normalForm>
<attributes itemClass="oracle.dbtools.crest.model.design.logical.Attribute">
<Attribute name="IdRespAlt" id="47DB33F6-32C6-1A26-2695-A322BFB2982F">
<createdBy>pherr</createdBy>
<createdTime>2020-03-15 02:18:19 UTC</createdTime>
<ownerDesignName>alumno</ownerDesignName>
<engineerTo>
<item key="0F6F04AD-6F29-BD0E-0BDC-AC96B3341CCD" value="true"/>
</engineerTo>
<useDomainConstraints>false</useDomainConstraints>
<use>1</use>
<logicalDatatype>LOGDT019</logicalDatatype>
<dataTypePrecision>4</dataTypePrecision>
<ownDataTypeParameters>,4,</ownDataTypeParameters>
</Attribute>
<Attribute name="VerFalso" id="499380DA-66B7-A39E-E97D-82358E1D8C5B">
<createdBy>pherr</createdBy>
<createdTime>2020-03-15 02:13:13 UTC</createdTime>
<ownerDesignName>alumno</ownerDesignName>
<engineerTo>
<item key="0F6F04AD-6F29-BD0E-0BDC-AC96B3341CCD" value="true"/>
</engineerTo>
<nullsAllowed>true</nullsAllowed>
<useDomainConstraints>false</useDomainConstraints>
<use>1</use>
<logicalDatatype>LOGDT006</logicalDatatype>
<dataTypeSize>1 CHAR</dataTypeSize>
<ownDataTypeParameters>1 CHAR,,</ownDataTypeParameters>
</Attribute>
<Attribute name="AlternativaId" id="72D0A1EE-F4F0-F983-AA02-413222EFA124">
<createdBy>pherr</createdBy>
<createdTime>2020-03-15 02:19:11 UTC</createdTime>
<ownerDesignName>alumno</ownerDesignName>
<engineerTo>
<item key="0F6F04AD-6F29-BD0E-0BDC-AC96B3341CCD" value="true"/>
</engineerTo>
<nullsAllowed>true</nullsAllowed>
<useDomainConstraints>false</useDomainConstraints>
<use>1</use>
<logicalDatatype>LOGDT019</logicalDatatype>
<dataTypePrecision>4</dataTypePrecision>
<ownDataTypeParameters>,4,</ownDataTypeParameters>
</Attribute>
<Attribute name="IdRespuesta" id="54D663DD-37B9-E024-03FB-143E6B797E67">
<createdBy>pherr</createdBy>
<createdTime>2020-03-15 02:27:49 UTC</createdTime>
<generatorID>54510C3B-552C-20A3-65C1-396D9328568D</generatorID>
<ownerDesignName>alumno</ownerDesignName>
<engineerTo>
<item key="0F6F04AD-6F29-BD0E-0BDC-AC96B3341CCD" value="true"/>
</engineerTo>
<referedAttribute>63E4F961-4AE5-B370-7011-00D51800A824</referedAttribute>
<useDomainConstraints>false</useDomainConstraints>
<use>1</use>
<logicalDatatype>LOGDT019</logicalDatatype>
<dataTypePrecision>4</dataTypePrecision>
<ownDataTypeParameters>,4,</ownDataTypeParameters>
</Attribute>
<Attribute name="IdTest" id="BEE2F89D-92E8-5719-2057-71FBD6FF2542">
<createdBy>pherr</createdBy>
<createdTime>2020-03-15 02:27:49 UTC</createdTime>
<generatorID>54510C3B-552C-20A3-65C1-396D9328568D</generatorID>
<ownerDesignName>alumno</ownerDesignName>
<engineerTo>
<item key="0F6F04AD-6F29-BD0E-0BDC-AC96B3341CCD" value="true"/>
</engineerTo>
<referedAttribute>91B2A860-91C8-DA41-416F-20A75416D708</referedAttribute>
<useDomainConstraints>false</useDomainConstraints>
<use>1</use>
<logicalDatatype>LOGDT019</logicalDatatype>
<dataTypePrecision>4</dataTypePrecision>
<ownDataTypeParameters>,4,</ownDataTypeParameters>
</Attribute>
<Attribute name="IdAlumno" id="9E2ADDF2-E6D0-1928-F519-6345C941D013">
<createdBy>pherr</createdBy>
<createdTime>2020-03-15 02:27:49 UTC</createdTime>
<generatorID>54510C3B-552C-20A3-65C1-396D9328568D</generatorID>
<ownerDesignName>alumno</ownerDesignName>
<engineerTo>
<item key="0F6F04AD-6F29-BD0E-0BDC-AC96B3341CCD" value="true"/>
</engineerTo>
<referedAttribute>D1EC99B4-E2B4-3ABB-0714-F31FE68F3C99</referedAttribute>
<useDomainConstraints>false</useDomainConstraints>
<use>1</use>
<logicalDatatype>LOGDT019</logicalDatatype>
<dataTypePrecision>4</dataTypePrecision>
<ownDataTypeParameters>,4,</ownDataTypeParameters>
</Attribute>
<Attribute name="IdCurso" id="C642AAF9-AE83-AC72-A931-7ACBD3C71C2C">
<createdBy>pherr</createdBy>
<createdTime>2020-03-15 03:21:20 UTC</createdTime>
<generatorID>54510C3B-552C-20A3-65C1-396D9328568D</generatorID>
<ownerDesignName>alumno</ownerDesignName>
<engineerTo>
<item key="0F6F04AD-6F29-BD0E-0BDC-AC96B3341CCD" value="true"/>
</engineerTo>
<referedAttribute>23759F1D-50C4-B576-07CA-16946562D37D</referedAttribute>
<useDomainConstraints>false</useDomainConstraints>
<use>1</use>
<logicalDatatype>LOGDT019</logicalDatatype>
<dataTypePrecision>4</dataTypePrecision>
<ownDataTypeParameters>,4,</ownDataTypeParameters>
</Attribute>
<Attribute name="IdAlumno1" id="1D6DC369-EE96-E797-A4B9-EA8C6D982D2E">
<createdBy>pherr</createdBy>
<createdTime>2020-03-15 03:21:20 UTC</createdTime>
<generatorID>54510C3B-552C-20A3-65C1-396D9328568D</generatorID>
<ownerDesignName>alumno</ownerDesignName>
<engineerTo>
<item key="0F6F04AD-6F29-BD0E-0BDC-AC96B3341CCD" value="true"/>
</engineerTo>
<referedAttribute>436A86D2-ADF3-6DB5-33A1-8662773956FA</referedAttribute>
<useDomainConstraints>false</useDomainConstraints>
<use>1</use>
<logicalDatatype>LOGDT019</logicalDatatype>
<ownDataTypeParameters>,,</ownDataTypeParameters>
</Attribute>
</attributes>
<identifiers itemClass="oracle.dbtools.crest.model.design.logical.CandidateKey">
<identifier id="C07A21C9-863B-E979-EBD6-C42765D4DFBD" name="RespAlt PK">
<createdBy>pherr</createdBy>
<createdTime>2020-03-15 02:13:08 UTC</createdTime>
<ownerDesignName>alumno</ownerDesignName>
<engineerTo>
<item key="0F6F04AD-6F29-BD0E-0BDC-AC96B3341CCD" value="true"/>
</engineerTo>
<pk>true</pk>
<usedAttributes>
<attributeRef>47DB33F6-32C6-1A26-2695-A322BFB2982F</attributeRef>
<attributeRef>54D663DD-37B9-E024-03FB-143E6B797E67</attributeRef>
<attributeRef>BEE2F89D-92E8-5719-2057-71FBD6FF2542</attributeRef>
<attributeRef>9E2ADDF2-E6D0-1928-F519-6345C941D013</attributeRef>
<attributeRef>C642AAF9-AE83-AC72-A931-7ACBD3C71C2C</attributeRef>
<attributeRef>1D6DC369-EE96-E797-A4B9-EA8C6D982D2E</attributeRef>
</usedAttributes>
</identifier>
</identifiers>
</Entity>