<?xml version = '1.0' encoding = 'UTF-8'?>
<Entity class="oracle.dbtools.crest.model.design.logical.Entity" directorySegmentName="seg_0" id="E54D5C4D-B4C9-6B3D-CE67-18636031D3DF" name="Pregunta">
<createdBy>pherr</createdBy>
<createdTime>2020-03-15 01:59:22 UTC</createdTime>
<ownerDesignName>alumno</ownerDesignName>
<engineerTo>
<item key="0F6F04AD-6F29-BD0E-0BDC-AC96B3341CCD" value="true"/>
</engineerTo>
<adequatelyNormalized>NO</adequatelyNormalized>
<expectedVolumes>0</expectedVolumes>
<fwdEngineeringStrategyName>Single Table</fwdEngineeringStrategyName>
<growthPercent>0</growthPercent>
<growthType>Year</growthType>
<maxVolumes>9999999</maxVolumes>
<minVolumes>0</minVolumes>
<normalForm>Third</normalForm>
<attributes itemClass="oracle.dbtools.crest.model.design.logical.Attribute">
<Attribute name="IdPregunta" id="130C4A87-1125-C33D-9EFD-CDEBBF9F4BA4">
<createdBy>pherr</createdBy>
<createdTime>2020-03-15 02:00:02 UTC</createdTime>
<ownerDesignName>alumno</ownerDesignName>
<engineerTo>
<item key="0F6F04AD-6F29-BD0E-0BDC-AC96B3341CCD" value="true"/>
</engineerTo>
<useDomainConstraints>false</useDomainConstraints>
<use>1</use>
<logicalDatatype>LOGDT019</logicalDatatype>
<dataTypePrecision>4</dataTypePrecision>
<ownDataTypeParameters>,4,</ownDataTypeParameters>
</Attribute>
<Attribute name="Enunciado" id="7D638B28-E6A8-40AF-E997-C39167C58866">
<createdBy>pherr</createdBy>
<createdTime>2020-03-15 02:00:36 UTC</createdTime>
<ownerDesignName>alumno</ownerDesignName>
<engineerTo>
<item key="0F6F04AD-6F29-BD0E-0BDC-AC96B3341CCD" value="true"/>
</engineerTo>
<useDomainConstraints>false</useDomainConstraints>
<use>1</use>
<logicalDatatype>LOGDT024</logicalDatatype>
<dataTypeSize>30 CHAR</dataTypeSize>
<ownDataTypeParameters>30 CHAR,,</ownDataTypeParameters>
</Attribute>
<Attribute name="Puntaje" id="20E9A6F2-30E8-8ADB-4E89-04884DD3B90C">
<createdBy>pherr</createdBy>
<createdTime>2020-03-15 02:01:06 UTC</createdTime>
<ownerDesignName>alumno</ownerDesignName>
<engineerTo>
<item key="0F6F04AD-6F29-BD0E-0BDC-AC96B3341CCD" value="true"/>
</engineerTo>
<nullsAllowed>true</nullsAllowed>
<useDomainConstraints>false</useDomainConstraints>
<use>1</use>
<logicalDatatype>LOGDT019</logicalDatatype>
<dataTypePrecision>4</dataTypePrecision>
<ownDataTypeParameters>,4,</ownDataTypeParameters>
</Attribute>
<Attribute name="IdPrueba" id="0837A018-DA15-F2FF-C7A4-034BAC0E2E62">
<createdBy>pherr</createdBy>
<createdTime>2020-03-15 02:19:47 UTC</createdTime>
<generatorID>37433A08-44CD-8A5C-E701-8DB0D3905EB2</generatorID>
<ownerDesignName>alumno</ownerDesignName>
<engineerTo>
<item key="0F6F04AD-6F29-BD0E-0BDC-AC96B3341CCD" value="true"/>
</engineerTo>
<referedAttribute>66020658-F8C5-4C8E-2C33-DE2481AE089E</referedAttribute>
<useDomainConstraints>false</useDomainConstraints>
<use>1</use>
<logicalDatatype>LOGDT019</logicalDatatype>
<dataTypePrecision>4</dataTypePrecision>
<ownDataTypeParameters>,4,</ownDataTypeParameters>
</Attribute>
</attributes>
<identifiers itemClass="oracle.dbtools.crest.model.design.logical.CandidateKey">
<identifier id="2FD1E123-BBC0-6903-73AC-0C7605890DAA" name="Pregunta PK">
<createdBy>pherr</createdBy>
<createdTime>2020-03-15 02:00:14 UTC</createdTime>
<ownerDesignName>alumno</ownerDesignName>
<engineerTo>
<item key="0F6F04AD-6F29-BD0E-0BDC-AC96B3341CCD" value="true"/>
</engineerTo>
<pk>true</pk>
<usedAttributes>
<attributeRef>130C4A87-1125-C33D-9EFD-CDEBBF9F4BA4</attributeRef>
<attributeRef>0837A018-DA15-F2FF-C7A4-034BAC0E2E62</attributeRef>
</usedAttributes>
</identifier>
</identifiers>
</Entity>