<?xml version = '1.0' encoding = 'UTF-8'?>
<Diagram class="oracle.dbtools.crest.swingui.logical.DPVLogical" name="Logical" id="9FF93F20-473A-D25E-FD4D-F66423358841">
<createdBy>pherr</createdBy>
<modifiedBy>pherr</modifiedBy>
<createdTime>2020-03-15 01:47:47 UTC</createdTime>
<autoRoute>false</autoRoute>
<boxInbox>true</boxInbox>
<showLegend>false</showLegend>
<showLabels>false</showLabels>
<showRelAttributes>false</showRelAttributes>
<gridEnabled>false</gridEnabled>
<showGrid>false</showGrid>
<diagramColor>-1</diagramColor>
<display>false</display>
<notation>1</notation>
<objectViews>
<OView class="oracle.dbtools.crest.swingui.logical.TVEntity" oid="422C802B-D890-C8C1-2237-8A6342D5455A" otype="Entity" vid="42373CF6-8E8F-57B4-E710-4149F7CDE0BF">
<hideElementsInCurrentOnly>false</hideElementsInCurrentOnly>
<bounds x="485" y="30" width="170" height="110"/>
</OView>
<OView class="oracle.dbtools.crest.swingui.logical.TVEntity" oid="460A7FE6-4804-C1FD-B16A-8FE8EEA36910" otype="Entity" vid="559B7CCC-6966-E9F8-971C-79BCE21206C0">
<hideElementsInCurrentOnly>false</hideElementsInCurrentOnly>
<bounds x="29" y="33" width="170" height="110"/>
</OView>
<OView class="oracle.dbtools.crest.swingui.logical.TVEntity" oid="5816AC57-3DBC-AD9F-8B4E-DD409E758901" otype="Entity" vid="A733F361-3F00-F6CB-A318-0140B2277E4C">
<hideElementsInCurrentOnly>false</hideElementsInCurrentOnly>
<bounds x="245" y="388" width="180" height="110"/>
</OView>
<OView class="oracle.dbtools.crest.swingui.logical.TVEntity" oid="955111D0-479C-73A5-BCF1-E7473FD60163" otype="Entity" vid="400313D4-F7A1-FB56-9B1A-443F95E3F0B2">
<hideElementsInCurrentOnly>false</hideElementsInCurrentOnly>
<bounds x="252" y="213" width="170" height="110"/>
</OView>
<OView class="oracle.dbtools.crest.swingui.logical.TVEntity" oid="9B0708A6-2884-DBC5-FF3F-651B62F3DEF3" otype="Entity" vid="4F120D59-287E-40D9-0D3D-42FEA022935A">
<hideElementsInCurrentOnly>false</hideElementsInCurrentOnly>
<bounds x="244" y="33" width="170" height="110"/>
</OView>
<OView class="oracle.dbtools.crest.swingui.logical.TVEntity" oid="9D5C13E4-16D8-FB48-D257-D213F254B327" otype="Entity" vid="F4CAE221-911D-E42B-2146-C6348C7CFFA0">
<hideElementsInCurrentOnly>false</hideElementsInCurrentOnly>
<bounds x="29" y="387" width="180" height="110"/>
</OView>
<OView class="oracle.dbtools.crest.swingui.logical.TVEntity" oid="D38F9472-9DDE-E8F5-B6FA-67FAC78C42E3" otype="Entity" vid="1E8FE2DE-9375-945E-8171-4C920D89418A">
<hideElementsInCurrentOnly>false</hideElementsInCurrentOnly>
<bounds x="513" y="390" width="170" height="110"/>
</OView>
<OView class="oracle.dbtools.crest.swingui.logical.TVEntity" oid="E54D5C4D-B4C9-6B3D-CE67-18636031D3DF" otype="Entity" vid="BA5A93EB-9036-4D50-1653-78975ACDDA98">
<hideElementsInCurrentOnly>false</hideElementsInCurrentOnly>
<bounds x="31" y="212" width="170" height="110"/>
</OView>
</objectViews>
<connectors>
<Connector class="oracle.dbtools.crest.swingui.logical.TVRelation" oid="0858B243-688A-5ABF-9940-6CEFBAD1DBBF" otype="Relation" vid_source="400313D4-F7A1-FB56-9B1A-443F95E3F0B2" vid_target="A733F361-3F00-F6CB-A318-0140B2277E4C">
<hideElementsInCurrentOnly>false</hideElementsInCurrentOnly>
<backgroundColor>-16777216</backgroundColor>
<lineWidth>1</lineWidth>
<points>
<point x="337" y="323"/>
<point x="337" y="388"/>
</points>
</Connector>
<Connector class="oracle.dbtools.crest.swingui.logical.TVRelation" oid="09858F1E-2C67-1F03-4A98-4F5E6C5DC3E1" otype="Relation" vid_source="4F120D59-287E-40D9-0D3D-42FEA022935A" vid_target="400313D4-F7A1-FB56-9B1A-443F95E3F0B2">
<hideElementsInCurrentOnly>false</hideElementsInCurrentOnly>
<backgroundColor>-16777216</backgroundColor>
<lineWidth>1</lineWidth>
<points>
<point x="333" y="143"/>
<point x="333" y="213"/>
</points>
</Connector>
<Connector class="oracle.dbtools.crest.swingui.logical.TVRelation" oid="19AB83F7-AFFB-B9D6-299F-357F1AD010FB" otype="Relation" vid_source="42373CF6-8E8F-57B4-E710-4149F7CDE0BF" vid_target="4F120D59-287E-40D9-0D3D-42FEA022935A">
<hideElementsInCurrentOnly>false</hideElementsInCurrentOnly>
<backgroundColor>-16777216</backgroundColor>
<lineWidth>1</lineWidth>
<points>
<point x="485" y="101"/>
<point x="414" y="101"/>
</points>
</Connector>
<Connector class="oracle.dbtools.crest.swingui.logical.TVRelation" oid="37433A08-44CD-8A5C-E701-8DB0D3905EB2" otype="Relation" vid_source="559B7CCC-6966-E9F8-971C-79BCE21206C0" vid_target="BA5A93EB-9036-4D50-1653-78975ACDDA98">
<hideElementsInCurrentOnly>false</hideElementsInCurrentOnly>
<backgroundColor>-16777216</backgroundColor>
<lineWidth>1</lineWidth>
<points>
<point x="115" y="143"/>
<point x="115" y="212"/>
</points>
</Connector>
<Connector class="oracle.dbtools.crest.swingui.logical.TVRelation" oid="54510C3B-552C-20A3-65C1-396D9328568D" otype="Relation" vid_source="A733F361-3F00-F6CB-A318-0140B2277E4C" vid_target="1E8FE2DE-9375-945E-8171-4C920D89418A">
<hideElementsInCurrentOnly>false</hideElementsInCurrentOnly>
<backgroundColor>-16777216</backgroundColor>
<lineWidth>1</lineWidth>
<points>
<point x="425" y="444"/>
<point x="513" y="444"/>
</points>
</Connector>
<Connector class="oracle.dbtools.crest.swingui.logical.TVRelation" oid="E3A74F69-81BC-8696-9789-58E4E711C9A5" otype="Relation" vid_source="BA5A93EB-9036-4D50-1653-78975ACDDA98" vid_target="F4CAE221-911D-E42B-2146-C6348C7CFFA0">
<hideElementsInCurrentOnly>false</hideElementsInCurrentOnly>
<backgroundColor>-16777216</backgroundColor>
<lineWidth>1</lineWidth>
<points>
<point x="116" y="322"/>
<point x="116" y="387"/>
</points>
</Connector>
</connectors>
</Diagram>